{
    "accs": [
        0.37142857142857144,
        0.55,
        0.6714285714285714,
        0.6714285714285714,
        0.7214285714285714,
        0.7142857142857143,
        0.6928571428571428,
        0.7285714285714285,
        0.7142857142857143,
        0.7285714285714285,
        0.7142857142857143,
        0.7428571428571429,
        0.7571428571428571,
        0.75,
        0.7714285714285715,
        0.7642857142857142,
        0.7571428571428571,
        0.7285714285714285,
        0.7571428571428571,
        0.75,
        0.7714285714285715,
        0.7642857142857142,
        0.7642857142857142,
        0.7714285714285715,
        0.7428571428571429,
        0.7714285714285715,
        0.7714285714285715,
        0.7714285714285715,
        0.7714285714285715,
        0.75,
        0.7785714285714286,
        0.7785714285714286,
        0.7571428571428571,
        0.7571428571428571,
        0.7857142857142857,
        0.7642857142857142,
        0.7857142857142857,
        0.7714285714285715,
        0.7571428571428571,
        0.7785714285714286,
        0.7714285714285715,
        0.7642857142857142,
        0.7714285714285715,
        0.7714285714285715,
        0.7642857142857142,
        0.7785714285714286,
        0.7785714285714286,
        0.7928571428571428,
        0.7928571428571428,
        0.7642857142857142
    ],
    "dataset": "BA_Community",
    "lr": 0.01,
    "epochs": 1000,
    "dim_hidden": 256,
    "n_layers": 2,
    "p_dropout": 0.2
}