{
    "accs": [
        0.22857142857142856,
        0.45714285714285713,
        0.45714285714285713,
        0.4642857142857143,
        0.45714285714285713,
        0.45714285714285713,
        0.45714285714285713,
        0.45714285714285713,
        0.4642857142857143,
        0.44285714285714284
    ],
    "dataset": "BA_Community",
    "lr": 0.001,
    "epochs": 10,
    "dim_hidden": 600,
    "n_layers": 8,
    "p_dropout": 0.0
}