{
    "accs": [
        0.1,
        0.4785714285714286,
        0.5642857142857143,
        0.5714285714285714,
        0.65,
        0.6714285714285714,
        0.7214285714285714,
        0.7428571428571429,
        0.6285714285714286,
        0.7928571428571428,
        0.7642857142857142,
        0.7714285714285715,
        0.7714285714285715,
        0.8,
        0.8,
        0.8142857142857143,
        0.8357142857142857,
        0.8142857142857143,
        0.8285714285714286,
        0.85,
        0.8571428571428571,
        0.8571428571428571,
        0.8642857142857143,
        0.8714285714285714,
        0.8857142857142857,
        0.8714285714285714,
        0.8714285714285714,
        0.9,
        0.9,
        0.8857142857142857,
        0.8857142857142857,
        0.9,
        0.8785714285714286,
        0.8857142857142857,
        0.8785714285714286,
        0.9142857142857143,
        0.8714285714285714,
        0.8857142857142857,
        0.9,
        0.9071428571428571
    ],
    "dataset": "BA_Community",
    "lr": 0.005,
    "epochs": 800,
    "dim_hidden": 1024,
    "n_hidden_layers": 6,
    "p_dropout": 0.2
}