{
    "accs": [
        0.45714285714285713,
        0.45714285714285713,
        0.5,
        0.5285714285714286,
        0.5857142857142857,
        0.6,
        0.6,
        0.6,
        0.6,
        0.6
    ],
    "dataset": "BA_shapes",
    "lr": 0.001,
    "epochs": 10,
    "dim_hidden": 300,
    "n_layers": 2,
    "p_dropout": 0
}