{
    "accs": [
        0.6,
        0.6,
        0.6,
        0.6,
        0.6,
        0.8571428571428571,
        0.8571428571428571,
        0.8571428571428571,
        0.8571428571428571,
        0.8571428571428571
    ],
    "dataset": "BA_shapes",
    "lr": 0.01,
    "epochs": 10,
    "dim_hidden": 300,
    "n_layers": 2,
    "p_dropout": 0.0
}