{
    "accs": [
        0.2571428571428571,
        0.4,
        0.4,
        0.4,
        0.4,
        0.4,
        0.4,
        0.6714285714285714,
        0.8,
        0.8142857142857143,
        0.8285714285714286,
        0.7857142857142857,
        0.8142857142857143,
        0.7857142857142857,
        0.8142857142857143,
        0.8,
        0.8142857142857143,
        0.8,
        0.8571428571428571,
        0.9142857142857143,
        0.9142857142857143,
        0.9142857142857143,
        0.9142857142857143,
        0.9285714285714286,
        0.9285714285714286,
        0.9285714285714286,
        0.9428571428571428,
        0.9285714285714286,
        0.9428571428571428,
        0.9285714285714286,
        0.9285714285714286,
        0.9285714285714286,
        0.9428571428571428,
        0.9428571428571428,
        0.9428571428571428,
        0.9428571428571428,
        0.9428571428571428,
        0.9428571428571428,
        0.9428571428571428,
        0.9428571428571428,
        0.9428571428571428,
        0.9428571428571428,
        0.9428571428571428,
        0.9428571428571428,
        0.9428571428571428,
        0.9571428571428572,
        0.9428571428571428,
        0.9428571428571428,
        0.9571428571428572,
        0.9428571428571428
    ],
    "dataset": "BA_shapes",
    "lr": 0.001,
    "epochs": 1000,
    "dim_hidden": 300,
    "n_hidden_layers": 2,
    "p_dropout": 0
}