{
    "accs": [
        0.4,
        0.4,
        0.4,
        0.5428571428571428,
        0.6428571428571429,
        0.8285714285714286,
        0.8428571428571429,
        0.8428571428571429,
        0.8428571428571429,
        0.8142857142857143,
        0.8142857142857143,
        0.8285714285714286,
        0.8142857142857143,
        0.8285714285714286,
        0.8428571428571429,
        0.8285714285714286,
        0.8571428571428571,
        0.8142857142857143,
        0.8857142857142857,
        0.9142857142857143,
        0.9,
        0.9142857142857143,
        0.8571428571428571,
        0.9142857142857143,
        0.9285714285714286,
        0.9285714285714286,
        0.9285714285714286,
        0.9285714285714286,
        0.9285714285714286,
        0.9285714285714286,
        0.9285714285714286,
        0.9285714285714286,
        0.9285714285714286,
        0.9142857142857143,
        0.9285714285714286,
        0.9285714285714286,
        0.9285714285714286,
        0.9285714285714286,
        0.9285714285714286,
        0.9285714285714286,
        0.9285714285714286,
        0.9285714285714286,
        0.9142857142857143,
        0.9428571428571428,
        0.9428571428571428,
        0.9285714285714286,
        0.9428571428571428,
        0.9285714285714286,
        0.9285714285714286,
        0.9428571428571428
    ],
    "dataset": "BA_shapes",
    "lr": 0.01,
    "epochs": 1000,
    "dim_hidden": 256,
    "n_layers": 2,
    "p_dropout": 0.2
}