{
    "accs": [
        0.6022727272727273,
        0.6022727272727273,
        0.6022727272727273,
        0.6022727272727273,
        0.6022727272727273,
        0.6022727272727273,
        0.6022727272727273,
        0.6022727272727273,
        0.6022727272727273,
        0.7613636363636364,
        0.7272727272727273,
        0.7954545454545454,
        0.8068181818181818,
        0.8068181818181818,
        0.8068181818181818,
        0.8295454545454546,
        0.8068181818181818,
        0.8409090909090909,
        0.8636363636363636,
        0.8409090909090909,
        0.8863636363636364,
        0.8409090909090909,
        0.8863636363636364,
        0.875,
        0.8863636363636364,
        0.8863636363636364,
        0.8863636363636364,
        0.8863636363636364,
        0.8863636363636364,
        0.8863636363636364,
        0.875,
        0.8863636363636364,
        0.8863636363636364,
        0.8863636363636364,
        0.8863636363636364,
        0.8863636363636364,
        0.8863636363636364,
        0.8863636363636364,
        0.8863636363636364,
        0.8863636363636364,
        0.8863636363636364,
        0.8863636363636364,
        0.8863636363636364,
        0.8863636363636364,
        0.8863636363636364,
        0.8863636363636364,
        0.8863636363636364,
        0.8863636363636364,
        0.8863636363636364,
        0.8863636363636364
    ],
    "dataset": "Tree_Cycle",
    "lr": 0.01,
    "epochs": 1000,
    "dim_hidden": 256,
    "n_layers": 2,
    "p_dropout": 0.2
}