{
    "accs": [
        0.46774193548387094,
        0.6612903225806451,
        0.6612903225806451,
        0.5887096774193549,
        0.5887096774193549,
        0.5887096774193549,
        0.5887096774193549,
        0.5887096774193549,
        0.5887096774193549,
        0.5887096774193549
    ],
    "dataset": "Tree_Grid",
    "lr": 0.001,
    "epochs": 10,
    "dim_hidden": 300,
    "n_layers": 2,
    "p_dropout": 0.0
}