{
    "accs": [
        0.6022727272727273,
        0.6022727272727273,
        0.6022727272727273,
        0.6022727272727273,
        0.6022727272727273,
        0.8522727272727273,
        0.9431818181818182,
        0.9318181818181818,
        0.9431818181818182,
        0.9431818181818182,
        0.9431818181818182,
        0.9545454545454546,
        0.9431818181818182,
        0.9545454545454546,
        0.9545454545454546
    ],
    "dataset": "Tree_Cycle",
    "lr": 0.01,
    "epochs": 300,
    "dim_hidden": 300,
    "n_hidden_layers": 2,
    "p_dropout": 0
}