{
    "accs": [
        0.6022727272727273,
        0.6022727272727273,
        0.6022727272727273,
        0.6022727272727273,
        0.8409090909090909,
        0.9431818181818182,
        0.9318181818181818,
        0.9318181818181818,
        0.9318181818181818,
        0.9431818181818182,
        0.9431818181818182,
        0.9431818181818182,
        0.9545454545454546,
        0.9545454545454546,
        0.8977272727272727,
        0.9545454545454546,
        0.9545454545454546,
        0.9545454545454546,
        0.9545454545454546,
        0.9545454545454546,
        0.8977272727272727,
        0.9659090909090909,
        0.9545454545454546,
        0.9659090909090909,
        0.9659090909090909
    ],
    "dataset": "Tree_Cycle",
    "lr": 0.01,
    "epochs": 500,
    "dim_hidden": 300,
    "n_hidden_layers": 2,
    "p_dropout": 0
}