{
    "accs": [
        0.7580645161290323,
        0.7580645161290323,
        0.7580645161290323,
        0.7580645161290323,
        0.7580645161290323,
        0.7580645161290323,
        0.7580645161290323,
        0.7580645161290323,
        0.7580645161290323,
        0.7580645161290323
    ],
    "dataset": "Tree_Grid",
    "lr": 0.01,
    "epochs": 10,
    "dim_hidden": 300,
    "n_layers": 2,
    "p_dropout": 0.0
}