{
    "accs": [
        0.6022727272727273,
        0.6022727272727273,
        0.8409090909090909,
        0.8409090909090909,
        0.8409090909090909,
        0.8409090909090909,
        0.8409090909090909,
        0.8409090909090909,
        0.8409090909090909,
        0.8409090909090909
    ],
    "dataset": "Tree_Cycle",
    "lr": 0.01,
    "epochs": 10,
    "dim_hidden": 300,
    "n_layers": 2,
    "p_dropout": 0.0
}