{
    "accs": [
        0.5887096774193549,
        0.5887096774193549,
        0.5887096774193549,
        0.6693548387096774,
        0.6129032258064516,
        0.5887096774193549,
        0.7580645161290323,
        0.4112903225806452,
        0.5887096774193549,
        0.6774193548387096,
        0.8870967741935484,
        0.9354838709677419,
        0.9435483870967742,
        0.7661290322580645,
        0.9193548387096774,
        0.9354838709677419,
        0.9435483870967742,
        0.9435483870967742,
        0.9435483870967742,
        0.9354838709677419,
        0.9435483870967742,
        0.9435483870967742,
        0.9435483870967742,
        0.9435483870967742,
        0.9435483870967742
    ],
    "dataset": "Tree_Grid",
    "lr": 0.01,
    "epochs": 500,
    "dim_hidden": 300,
    "n_hidden_layers": 2,
    "p_dropout": 0
}