{
    "accs": [
        0.5887096774193549,
        0.5887096774193549,
        0.5887096774193549,
        0.5887096774193549,
        0.5887096774193549,
        0.5887096774193549,
        0.5887096774193549,
        0.5887096774193549,
        0.5887096774193549,
        0.6129032258064516,
        0.7338709677419355,
        0.75,
        0.7741935483870968,
        0.7741935483870968,
        0.7741935483870968,
        0.7741935483870968,
        0.7741935483870968,
        0.7903225806451613,
        0.7903225806451613,
        0.8548387096774194,
        0.8548387096774194,
        0.8467741935483871,
        0.8467741935483871,
        0.8467741935483871,
        0.8629032258064516,
        0.8629032258064516,
        0.8629032258064516,
        0.8629032258064516,
        0.8629032258064516,
        0.8629032258064516,
        0.8629032258064516,
        0.8629032258064516,
        0.8629032258064516,
        0.8629032258064516,
        0.8629032258064516,
        0.8629032258064516,
        0.8629032258064516,
        0.8629032258064516,
        0.8629032258064516,
        0.8629032258064516,
        0.8629032258064516,
        0.8629032258064516,
        0.8629032258064516,
        0.8629032258064516,
        0.8629032258064516,
        0.8629032258064516,
        0.8629032258064516,
        0.8629032258064516,
        0.8629032258064516,
        0.8629032258064516
    ],
    "dataset": "Tree_Grid",
    "lr": 0.01,
    "epochs": 1000,
    "dim_hidden": 256,
    "n_layers": 2,
    "p_dropout": 0.2
}